TopicKeyword,[0, 1, 2, 3]
																																																																doi,0.5285650058276349,,,
org,0.2700204803492911,,,
https,0.26859459024426563,,,
stimulation,0.24679579021360554,,-0.16014996422452896,
brain,0.2064157591742633,,,
cognitive,0.1999191514879086,,,
tms,0.1582288182187565,,,
task,0.15504222491597153,,,
effects,0.15461788281602767,,,
nibs,0.1459960076937204,,,
antenna,,-0.44723990072617054,,-0.20411150006240503
antennas,,-0.43861351193240156,,-0.1139103987791808
lens,,-0.25269793735149493,,0.4287913353432142
vol,,-0.22151396611237018,,
liquid,,-0.199096953775486,,-0.4923198373075545
beam,,-0.16747400262408266,,0.2133975187260254
array,,-0.15456075243033815,,0.14576848082216315
propag,,-0.15024965173968896,,
ieee,,-0.11805599377895262,,
water,,-0.11627023386801652,,-0.28538968379592267
overlap,,,0.19881408093883604,
imitation,,,0.19106890443440724,
electricity,,,0.18739771333754174,
representations,,,0.1867386276459514,
participants,,,0.1646900722856366,
spatial,,,0.16065888820508673,
data,,,0.1364823315462337,
power,,,0.13276651820250454,
compatibility,,,0.13179703642421342,
metal,,,,-0.11568926870286468
scanning,,,,0.1020482732327353
lenses,,,,0.09924934673299529
