TopicKeyword,[0, 1, 2, 3, 4]
																																																																														optimization,0.2607149492753835,,,,-0.16607573783589827
algorithm,0.24086585345010778,,,,
population,0.23514871207969665,,-0.14961333642910243,0.19342684750135852,
evolution,0.21782172826580354,0.19592995310678973,,,
vector,0.1950551130739029,0.19150990657785974,,,
differential,0.1805244764939435,0.20965567950373437,,,
problems,0.1799530252485032,,,,
search,0.15934796446916874,,,,
parameter,0.15693323791378058,,,,
solutions,0.15568745667419734,-0.4382138510771686,-0.191000788645866,,
nsga,,-0.25701486414859537,-0.16380569630110278,,
nondominated,,-0.20250100033025134,-0.12567884132531226,,
optimal,,-0.1594861116896432,,,
pareto,,-0.14654167381768374,-0.1176983717756846,,
solution,,-0.14057512026260793,,,
front,,-0.13836354051776303,,,
ant,,,0.4417185632399458,,
ants,,,0.32217847608860606,,
trail,,,0.23222475293001021,,
tour,,,0.18947861727145715,,
problem,,,0.17020779054135143,,
strings,,,,0.358980368837694,
crossover,,,,0.3410571809994513,
genetic,,,,0.24787549904669798,
string,,,,0.21093299717508548,
fitness,,,,0.20325596502354396,
gas,,,,0.1798740956356533,
schema,,,,0.16849519697463183,
mutation,,,,0.16345433848705812,
selection,,,,0.16017526692424305,
values,,,,,0.24894817301295372
functions,,,,,0.24655376726280834
control,,,,,0.21402871919356978
adaptive,,,,,0.1918896897871794
function,,,,,0.17845966684084622
parameters,,,,,0.16678324656100255
sade,,,,,0.16492933795337755
strategy,,,,,0.16491645315801276
self,,,,,0.1630270098155694
